{
  "RandomForest": {
    "Precision": 0.9198113207547169,
    "Recall": 0.922920892494929,
    "F1": 0.9213634829564631,
    "AUC": 0.981964153978734,
    "MCC": 0.8454480626829086,
    "Kappa": 0.8454434125931217
  },
  "LSTM": {
    "Precision": 0.9483826565726085,
    "Recall": 0.931710615280595,
    "F1": 0.9399727148703957,
    "AUC": 0.9903968946293435,
    "MCC": 0.8833386947309544,
    "Kappa": 0.8832072076670793,
    "Threshold": 0.4796304404735565
  }
}